Name,Last Name,Date,Race,Phone Number,Email
Verna,Ondricka,Sun Oct 01 02:01:33 PDT 1967,AUSTRALOID,1-209-018-8963,JE70RqGhupITpt@gmail.com
Sharen,Robel,Sat Mar 10 23:17:49 PST 1979,AUSTRALOID,876-999-5520,Ez2ROv4R7d50eNGG@gmail.com
Reed,Wolf,Fri Sep 28 23:40:42 PDT 1962,MONGOLOID,475.880.1689 x2948,AjaCN6wA@gmail.com
Yolande,Durgan,Thu Feb 03 04:49:09 PST 1983,AUSTRALOID,1-758-944-4588 x3622,GOQ1cLG5a@gmail.com
Gustavo,Herzog,Thu Jul 23 06:44:51 PDT 1964,MONGOLOID,935.294.2736 x20877,OcjVj5dEdMmwk@gmail.com
Cary,Stamm,Fri Dec 11 09:19:48 PST 1959,AUSTRALOID,1-261-297-0368,UsN9HqcbyN8@gmail.com
Terra,Hudson,Thu Jan 27 06:26:30 PST 1972,NEGROID,056.694.1411,sjalX5CQaXt@gmail.com
Warren,Conn,Tue Sep 27 12:07:17 PDT 1983,MONGOLOID,1-346-904-1543 x163,o7g5nrXib@gmail.com
Stewart,Blanda,Sun Oct 15 04:04:08 PDT 1978,NEGROID,(360) 993-9724 x46396,0CfDU21WmFJ5NwPUcDq@gmail.com
Wilton,Strosin,Tue Sep 26 22:44:10 PDT 1989,MONGOLOID,1-092-953-9630 x984,3BpP7vm6MFh@gmail.com
Gina,Bode,Sun Aug 22 04:45:29 PDT 1993,CAUCASIAN,663.608.3500,AYDT1pilp@gmail.com
Savanna,Thiel,Fri Mar 29 03:59:30 PDT 1974,MONGOLOID,1-593-099-9065,lBirz2Xq3RurAz@gmail.com
Wendell,Lebsack,Sat Mar 30 03:05:39 PST 1996,AUSTRALOID,047-592-9602 x11846,XmHS@gmail.com
Patricia,Klein,Fri Nov 20 03:34:48 PST 1959,CAUCASIAN,1-249-986-4874,Edr12WYmZdr@gmail.com
Mikel,Beier,Thu Mar 24 05:58:58 PST 1988,NEGROID,1-138-389-7111 x4074,Ti3qiOA1@gmail.com
Wanetta,Shields,Fri Nov 17 23:25:37 PST 1995,MONGOLOID,246.090.2347,Iaf2TudfHdl@gmail.com
Helene,Friesen,Mon May 01 05:36:07 PDT 2000,MONGOLOID,456-779-3007 x761,lqPislixOuEB@gmail.com
Maira,Turner,Fri Dec 18 00:40:50 PST 1981,AUSTRALOID,(280) 597-9780,igRljpuJn0@gmail.com
Ezra,Carroll,Sun Apr 26 04:24:22 PDT 1959,NEGROID,027-554-1615 x110,2Bpv@gmail.com
Gustavo,Lindgren,Tue Sep 25 07:16:42 PDT 1990,MONGOLOID,020.383.7218 x780,ecWE7J@gmail.com
Micah,Friesen,Mon Feb 03 02:38:35 PST 1997,NEGROID,1-400-054-6417 x6516,vQmNXcBkUKtOYvKevKM@gmail.com
Efrain,Sawayn,Sat Oct 18 16:11:32 PDT 1969,NEGROID,(014) 750-9181 x9388,SCNP3k4qSMaJAyKT@gmail.com
Jeri,Connelly,Sun Jun 12 23:35:00 PDT 1960,AUSTRALOID,377-675-2188 x3119,ouWBt5J@gmail.com
Valrie,Ryan,Sat May 26 22:31:35 PDT 2001,AUSTRALOID,(506) 389-0717,ZDEjin@gmail.com
Barton,Anderson,Thu Dec 15 12:14:08 PST 1983,CAUCASIAN,(985) 765-3801 x31889,2Z6Kym0UXJeHgT@gmail.com
Palmer,Stark,Wed Mar 01 20:58:09 PST 1961,MONGOLOID,561.416.5794,qNMGhjEX05UWl6S@gmail.com
Fausto,Kulas,Sun Nov 28 03:23:59 PST 1965,MONGOLOID,550-018-6158 x818,VIGQIWm8@gmail.com
Long,Marvin,Tue Oct 18 12:42:58 PDT 1966,AUSTRALOID,1-277-666-0032 x724,fL5dK5Fpd7su@gmail.com
Matthew,Leffler,Fri Oct 28 05:15:43 PDT 1994,AUSTRALOID,495.831.5609,p920@gmail.com
Jeffery,Jakubowski,Sat Dec 21 10:37:19 PST 1985,CAUCASIAN,983.059.6909 x8775,6xLAittrDstnIoCsLOJ@gmail.com
Honey,Bruen,Tue Dec 17 02:42:05 PST 1996,CAUCASIAN,085.714.8128,vwaFTF@gmail.com
Ronald,Ortiz,Tue May 22 18:56:58 PDT 1962,AUSTRALOID,(176) 591-9384 x065,NXICog@gmail.com
Rozella,Friesen,Sat Oct 25 01:37:45 PDT 1986,NEGROID,422-687-7659 x382,y1gFbt7sC3@gmail.com
Britt,Weber,Sun Jun 08 19:02:13 PDT 1969,NEGROID,(365) 070-9210 x42683,hu4HsXF1@gmail.com
Lorretta,Bergnaum,Mon Aug 31 02:09:57 PDT 1998,CAUCASIAN,700-053-9969 x11210,R0ycpmHxoa@gmail.com
Brigitte,McCullough,Mon Apr 23 06:23:05 PST 1962,AUSTRALOID,347-014-0833 x32044,3enByCx9BQ7fuouuwG@gmail.com
Jenae,Brown,Sun Oct 09 08:39:44 PDT 1983,CAUCASIAN,1-466-250-8934,T9nEUbLI2rGWJ@gmail.com
Marlin,Lueilwitz,Thu Apr 02 06:29:33 PST 1959,NEGROID,065.563.4035,HuR24FauEs@gmail.com
Rolande,Reinger,Sun Aug 01 16:16:45 PDT 1965,AUSTRALOID,(483) 175-4199 x407,PpPxSrlHg1BsNvG0@gmail.com
Eddie,McCullough,Wed Jan 13 17:44:47 PST 1965,MONGOLOID,635.797.1411 x391,hNPNYNltkyT3NZ0@gmail.com
Buford,Yundt,Sun Apr 13 09:51:55 PST 1969,MONGOLOID,1-732-715-0335 x49895,WH8XwYiKpZsV@gmail.com
Russell,Bogisich,Sat Jul 31 10:38:40 PDT 1971,MONGOLOID,(146) 035-1645 x70030,cv6SHZMxkhntwIhuoa@gmail.com
Gale,Lubowitz,Mon Feb 14 11:33:02 PST 1966,MONGOLOID,635.936.0324 x125,i6HqluFr47Lf1jv@gmail.com
Cecil,Brown,Wed Aug 26 15:08:44 PDT 1981,CAUCASIAN,(228) 534-4154 x3334,9kS0S0Mp1li4BzXS@gmail.com
Santos,Ledner,Mon Sep 11 19:46:50 PDT 2000,CAUCASIAN,470-893-0840 x377,AsUB@gmail.com
Hyun,Stanton,Thu Sep 30 00:59:53 PDT 1982,AUSTRALOID,1-303-008-8287 x16220,aTiAx4ZuQaqwMJCc@gmail.com
Eliseo,O'Reilly,Wed Nov 14 10:26:16 PST 1973,NEGROID,997-142-7075,eA4hYpXa01z@gmail.com
Shad,Anderson,Sun Jan 13 12:02:38 PST 1985,MONGOLOID,1-162-857-7833 x537,TTvTxwY@gmail.com
Wade,Crona,Sat Jun 13 20:42:31 PDT 1959,NEGROID,(371) 212-7184,OTniXt@gmail.com
Millie,Weber,Fri May 31 03:46:50 PDT 2002,NEGROID,1-289-862-9422,WRBAiSRGD11p9@gmail.com
Malika,Reichel,Tue Jul 11 12:34:22 PDT 1989,MONGOLOID,1-782-973-7211 x86942,Gy22Zcftshpj2N@gmail.com
Katia,Howell,Tue Dec 29 05:01:55 PST 1964,CAUCASIAN,743-264-8671 x58051,utQ6MxF5aizeSVBd@gmail.com
Roseanne,Sanford,Thu Oct 19 20:19:19 PDT 1989,CAUCASIAN,(681) 420-1500,XQHl@gmail.com
Samella,Schumm,Sun Aug 24 23:35:49 PDT 1980,AUSTRALOID,476.512.1641 x400,06BOEbiSycCxJzcGorQ@gmail.com
Tiny,Harris,Thu Mar 16 03:36:58 PST 1978,MONGOLOID,333.996.5434,INMzBUALlXsqv5kD99@gmail.com
Shane,Pollich,Sat Feb 02 19:02:28 PST 1957,AUSTRALOID,886.058.9425 x8145,ML3xMJPOtOi3cyoYM@gmail.com
Hollis,Krajcik,Sat Aug 10 01:49:09 PDT 1991,MONGOLOID,1-144-346-2664,DvIRovG7Jl5NA@gmail.com
Olen,Shanahan,Wed Mar 30 20:15:09 PST 1983,AUSTRALOID,(402) 100-3363,63dBc@gmail.com
Jeffrey,Becker,Thu May 23 02:03:44 PDT 1957,AUSTRALOID,1-196-520-6105,McOkmCxjWScnuXNo@gmail.com
Tommy,Pfannerstill,Thu Oct 27 21:28:36 PDT 1994,MONGOLOID,936-080-0363 x476,ZxT8Q1OZHAX6PJbTI6o@gmail.com
Tomas,Graham,Sat May 09 18:13:52 PDT 1959,MONGOLOID,(816) 389-2496 x40512,d0BmnVa@gmail.com
Ione,Cruickshank,Thu Mar 14 11:37:11 PST 1985,AUSTRALOID,(524) 166-1841 x129,fUvJ@gmail.com
Peter,Cummings,Fri Apr 18 12:12:00 PDT 2003,NEGROID,1-931-647-9375 x25987,Hrxkw42ic0Gdm@gmail.com
Brant,Bogan,Wed Dec 02 10:44:10 PST 1998,CAUCASIAN,1-307-858-0201 x068,VA78MLUWd@gmail.com
Erinn,Koss,Tue Jun 16 09:46:10 PDT 1987,AUSTRALOID,(630) 859-7620,doEwGvAoeuw4Puc@gmail.com
Eliseo,Sawayn,Sat Sep 17 23:23:29 PDT 1966,MONGOLOID,1-780-265-7306,eOR3agbJQDN25t@gmail.com
Sonny,Mitchell,Sat Apr 19 15:13:03 PST 1969,MONGOLOID,(628) 728-6715 x71017,4PC2ZKBJG@gmail.com
Liberty,Borer,Mon Mar 01 14:03:54 PST 1965,MONGOLOID,430.598.5045,CLff6zAC@gmail.com
Wilton,Bogan,Wed Sep 15 07:03:40 PDT 1999,AUSTRALOID,529-495-3843 x26861,pfu0@gmail.com
Darin,Feest,Mon Jul 12 11:34:32 PDT 1999,AUSTRALOID,(182) 802-5093,N3To6uW3XfGfPQJ@gmail.com
Marlyn,Ernser,Sat Sep 08 13:54:06 PDT 1979,CAUCASIAN,681-146-7787 x5649,Bspsu@gmail.com
Jessi,Jaskolski,Sat Nov 04 18:53:14 PST 1995,NEGROID,795.989.5094 x8348,LXNNq6phi4Wb@gmail.com
Kirk,Frami,Fri Oct 31 00:52:27 PST 1997,AUSTRALOID,1-402-066-1598,cCU1OWdx@gmail.com
Eusebio,Wunsch,Wed Jan 07 08:50:43 PST 1970,CAUCASIAN,701.897.3653 x54331,SoH3OHTZlXF@gmail.com
Clayton,Zboncak,Sun Dec 04 02:39:06 PST 1983,CAUCASIAN,1-398-008-8889,F6oHolk5PIzyCeW@gmail.com
Tracee,Bartoletti,Tue Sep 12 17:16:21 PDT 2000,CAUCASIAN,1-909-726-2139 x2577,IUO6OediE1lK7j@gmail.com
Theresa,Osinski,Fri Feb 17 20:42:05 PST 1995,MONGOLOID,350.576.2969,oYF7nVkDM0SkPwNjF21@gmail.com
Celia,Hermiston,Tue Feb 15 02:50:04 PST 1977,MONGOLOID,1-166-821-3168,KJjgJWrE@gmail.com
Debi,Weimann,Thu May 01 14:43:17 PDT 1986,AUSTRALOID,165-326-6564 x55320,PAmXXrE3tOnajtD6KaH@gmail.com
Jaqueline,Schumm,Wed Oct 22 21:22:43 PDT 1986,NEGROID,557-727-4678 x843,7oRTBJj1K6aoot@gmail.com
Delmer,Collier,Sun Aug 11 01:26:18 PDT 1985,CAUCASIAN,433-787-2521 x435,hkczdGsL@gmail.com
Danna,West,Wed Aug 12 16:11:54 PDT 1959,MONGOLOID,282-659-4487 x980,CPDeY2JRq@gmail.com
Magaret,Mayer,Thu Sep 12 00:35:35 PDT 1985,CAUCASIAN,727-510-6926 x740,7ghLCutnRLdF9eJSZl@gmail.com
Alishia,Wyman,Wed Aug 15 00:39:48 PDT 1984,AUSTRALOID,681-634-5359,6bWLVeP@gmail.com
Margert,Jast,Fri Jan 19 16:53:54 PST 1968,AUSTRALOID,(433) 820-7292,iS9p2kOlKXSx@gmail.com
Gaylord,Collier,Thu Jul 31 21:23:48 PDT 1986,NEGROID,211-795-0843,MdPgTf3lDp3tvGtE@gmail.com
Moshe,Bayer,Fri Sep 12 17:53:06 PDT 1975,MONGOLOID,358-336-2993 x88723,2yTAHmq@gmail.com
Adele,Stracke,Wed Jul 25 03:14:18 PDT 1973,MONGOLOID,750-308-5484 x99056,G15GTzfeUKKlibp0@gmail.com
Yessenia,Smitham,Sun Feb 13 21:33:39 PST 1983,NEGROID,815.303.9526 x7276,wCyNtJ6GFlm3bUKS8r@gmail.com
Brett,Kovacek,Fri Sep 24 06:29:41 PDT 1999,AUSTRALOID,1-708-878-7832 x15031,1isq3trBx4lb@gmail.com
Shaunna,Heaney,Thu Nov 02 20:17:44 PST 2000,CAUCASIAN,865.026.0569,2QnwxXEEi@gmail.com
Carson,O'Keefe,Fri Dec 08 17:55:27 PST 2000,MONGOLOID,997-065-2785,UChVqKv@gmail.com
Jewell,Ernser,Sat Oct 13 11:19:49 PDT 1984,MONGOLOID,270.239.4017,vWAw6ihH92tAp@gmail.com
Kenyetta,Abernathy,Thu Sep 26 17:10:18 PDT 1985,CAUCASIAN,214-236-7691,ESw8gIU@gmail.com
Doug,Hodkiewicz,Wed May 21 01:40:19 PDT 1975,NEGROID,727-750-2226,Q5qI@gmail.com
Adan,Wehner,Thu Jul 31 03:05:44 PDT 1958,CAUCASIAN,1-598-149-6524 x2776,RbnX9@gmail.com
Anette,Miller,Wed Mar 14 22:32:53 PST 1990,MONGOLOID,080.834.7110 x777,ol05lqAhCbsYH@gmail.com
Dominick,Rogahn,Sat May 08 09:44:16 PDT 1976,AUSTRALOID,760.414.2565,4PCs@gmail.com
Rae,Russel,Thu Sep 27 08:51:04 PDT 1956,NEGROID,(753) 942-9741,mUqVuC8elNs5@gmail.com
Porter,Altenwerth,Wed May 26 07:42:28 PDT 1965,MONGOLOID,1-203-021-8646,dpGK5@gmail.com
